{
    "metrics": {
        "data_sent": {
            "count": 12260,
            "rate": 1095.735755725644
        },
        "http_req_waiting": {
            "med": 152.9725,
            "max": 175.844,
            "p(90)": 161.1771,
            "p(95)": 165.16145,
            "avg": 154.05895555555557,
            "min": 144.991
        },
        "http_reqs": {
            "count": 90,
            "rate": 8.043737195375853
        },
        "http_req_duration{expected_response:true}": {
            "avg": 167.4330555555556,
            "min": 145.08,
            "med": 154.185,
            "max": 314.725,
            "p(90)": 175.8153,
            "p(95)": 300.3145
        },
        "vus": {
            "value": 2,
            "min": 2,
            "max": 10
        },
        "data_received": {
            "count": 1090704,
            "rate": 97481.51482161359
        },
        "http_req_duration": {
            "med": 154.185,
            "max": 314.725,
            "p(90)": 175.8153,
            "p(95)": 300.3145,
            "avg": 167.4330555555556,
            "min": 145.08
        },
        "vus_max": {
            "min": 10,
            "max": 10,
            "value": 10
        },
        "iteration_duration": {
            "max": 1498.311894,
            "p(90)": 1467.8756175,
            "p(95)": 1483.14665305,
            "avg": 1205.0797233444443,
            "min": 1146.186382,
            "med": 1156.866726
        },
        "iterations": {
            "count": 90,
            "rate": 8.043737195375853
        },
        "http_req_blocked": {
            "avg": 36.52844444444447,
            "min": 0.002,
            "med": 0.004,
            "max": 338.429,
            "p(90)": 318.0246,
            "p(95)": 329.02835
        },
        "http_req_failed": {
            "passes": 0,
            "fails": 90,
            "value": 0
        },
        "http_req_receiving": {
            "avg": 13.353999999999994,
            "min": 0.026,
            "med": 0.06,
            "max": 155.685,
            "p(90)": 0.6311000000000022,
            "p(95)": 148.61704999999998
        },
        "http_req_connecting": {
            "avg": 16.601744444444442,
            "min": 0,
            "med": 0,
            "max": 154.324,
            "p(90)": 144.20450000000002,
            "p(95)": 149.43779999999998
        },
        "http_req_tls_handshaking": {
            "p(90)": 161.399,
            "p(95)": 168.88604999999998,
            "avg": 18.717988888888886,
            "min": 0,
            "med": 0,
            "max": 175.187
        },
        "http_req_sending": {
            "avg": 0.02009999999999998,
            "min": 0.007,
            "med": 0.017,
            "max": 0.074,
            "p(90)": 0.032,
            "p(95)": 0.037099999999999994
        }
    },
    "root_group": {
        "name": "",
        "path": "",
        "id": "d41d8cd98f00b204e9800998ecf8427e",
        "groups": {},
        "checks": {}
    }
}